<?xml version="1.0" encoding="UTF-8" standalone="yes"?>
<addon id="plugin.video.evld.goodgame.ru" name="Goodgame" version="1.2.1" provider-name="Eviloid">
    <requires>
        <import addon="xbmc.python" version="2.1.0"/>
        <import addon="script.module.parsedom"/>
        <import addon="script.module.tccleaner"/>
    </requires>
    <extension point="xbmc.python.pluginsource" provides="video" library="default.py">
        <provides>video</provides>
    </extension>
    <extension point="xbmc.addon.metadata">
        <platform>all</platform>
        <summary>Goodgame video addon</summary>
        <website>https://goodgame.ru</website>
        <description>Просмотр стримов с GoodGame.ru</description>
        <language>ru</language>
        <source>https://github.com/Eviloid/plugin.video.evld.goodgame.ru</source>
        <news>[B]1.2.1[/B] - Перешел на api v4</news>
    </extension>
</addon>
