<?xml version="1.0" encoding="UTF-8" standalone="yes"?>
<addon id="plugin.video.evld.goodgame.ru" name="Goodgame" version="0.1.9" provider-name="Eviloid">
    <requires>
        <import addon="xbmc.python" version="2.1.0"/>
        <import addon="script.module.parsedom"/>
    </requires>
    <extension point="xbmc.python.pluginsource" provides="video" library="default.py">
        <provides>video</provides>
    </extension>
    <extension point="xbmc.addon.metadata">
        <platform>all</platform>
        <summary>Goodgame video addon</summary>
        <description></description>
        <language>ru</language>
    </extension>
</addon>
