<?xml version="1.0" encoding="UTF-8" standalone="yes"?>
<addon id="plugin.video.evld.currenttime.tv" name="CurrentTime.TV" version="1.2.9" provider-name="Eviloid">
  <requires>
    <import addon="xbmc.python" version="2.1.0"/>
    <import addon="script.module.parsedom"/>
    <import addon="script.module.tccleaner" optional="true"/>
  </requires>
  <extension point="xbmc.python.pluginsource" provides="video" library="default.py">
    <provides>video</provides>
  </extension>
  <extension point="xbmc.addon.metadata">
    <platform>all</platform>
    <summary>ТВ канал "Настоящее Время - архив телепрограмм, видео и прямой эфир</summary>
    <description>Настоящее Время – это 24-часовое телевизионное и интернет вещание, ориентированное на русскоязычную аудиторию в России, странах Центральной и Восточной Европы, а также по всему миру.Настоящее Время – совместный медиапроект Радио Свобода/Свободная Европа и "Голоса Америки".</description>
    <language>ru</language>
    <website>https://www.currenttime.tv</website>
    <source>https://github.com/Eviloid/plugin.video.evld.currenttime.tv</source>
    <news>[B]1.2.9[/B] - Подтянул до версии для Kodi Matrix</news>
    <assets>
      <icon>icon.png</icon>
      <fanart>fanart.jpg</fanart>
      <clearlogo></clearlogo>
      <screenshot></screenshot>
    </assets>
  </extension>
</addon>