<?xml version='1.0' encoding='UTF-8' standalone='yes'?>
<addon id="script.module.tccleaner" name="TextureCacheCleaner for Kodi Add-ons" provider-name="Eviloid" version="0.1.1">
  <requires>
    <import addon="xbmc.python" version="3.0.0" />
  </requires>
  <extension point="xbmc.addon.metadata">
    <platform>all</platform>
    <summary lang="en">TextureCacheCleaner for Kodi Add-ons.</summary>
  </extension>
  <extension library="lib" point="xbmc.python.module" />
  <extension point="xbmc.addon.metadata">
    <license>GPLv3</license>
    <platform>all</platform>
    <source>https://github.com/Eviloid/script.module.tccleaner</source>
    <email></email>
    <website></website>
    <language></language>
    <assets>
      <icon>icon.png</icon>
    </assets>
  </extension>
</addon>