<?xml version="1.0" encoding="UTF-8" standalone="yes"?>
<addon id="script.module.torrent2http" name="torrent2http" version="0.1.5" provider-name="anteo, Eviloid">
  <requires>
    <import addon="xbmc.python" version="3.0.0"/>
  </requires>
  <extension point="xbmc.python.module" library="lib"/>
  <extension point="xbmc.addon.metadata">
    <license>GPLv3</license>
    <platform>all</platform>
    <language>en</language>
    <summary lang="en">Downloads torrents and share it over HTTP</summary>
    <summary lang="ru">Загружает торренты и раздает их по HTTP</summary>
    <description lang="ru">Обеспечивает последовательную (sequential) загрузку торрентов для потокового онлайн просмотра через HTTP. Основан на библиотеке LibTorrent.</description>
    <description lang="en">Provides sequential torrent downloading for online streaming video and other media over HTTP.</description>
    <email>anteo@academ.org</email>
    <assets>
      <icon>icon.png</icon>
    </assets>
  </extension>
</addon>
