<?xml version="1.0" encoding="UTF-8" standalone="yes"?>
<addon id="script.module.parsedom" name="Parsedom for xbmc plugins" provider-name="TheCollective, Eviloid" version="2.5.5">
  <requires>
    <import addon="xbmc.python" version="3.0.0"/>
  </requires>
  <extension library="lib" point="xbmc.python.module"/>
  <extension point="xbmc.addon.metadata">
    <summary>Parsedom for xbmc plugins.</summary>
    <license>GPLv3</license>
    <platform>all</platform>
    <email></email>
    <website></website>
    <forum>http://forum.xbmc.org/showthread.php?tid=116498</forum>
    <source>https://github.com/HenrikDK/xbmc-common-plugin-functions</source>
    <language></language>
    <assets>
      <icon>icon.png</icon>
    </assets>
  </extension>
</addon>
