<?xml version="1.0" encoding="UTF-8" standalone="yes"?>
<addon id="plugin.video.evld.animedia.tv" name="AniMedia.TV Online" version="0.4.8" provider-name="Eviloid">
  <requires>
    <import addon="xbmc.python" version="2.1.0"/>
    <import addon="script.module.parsedom"/>
    <import addon="script.module.tccleaner"/>
    <import addon="script.module.torrent2http" optional="true"/>
  </requires>
  <extension point="xbmc.python.pluginsource" provides="video" library="default.py">
    <provides>video</provides>
  </extension>
  <extension point="xbmc.addon.metadata">
    <platform>all</platform>
    <summary> AniMedia.TV video addon</summary>
    <description>Animedia.tv - Лучший сайт по просмотру аниме. Наша цель – открывать для людей мир аниме во всем его многообразии.</description>
    <language>ru</language>
    <email></email>
    <source></source>
    <news>[B]0.4.8[/B] - Переделал имена в торренте</news>
    <assets>
      <icon>icon.png</icon>
      <fanart>fanart.jpg</fanart>
      <banner></banner>
      <clearlogo></clearlogo>
      <screenshot></screenshot>
    </assets>
  </extension>
</addon>