<?xml version="1.0" encoding="UTF-8" standalone="yes"?>
<addon id="plugin.video.evld.mixer.com" name="Mixer" version="0.2.5" provider-name="Eviloid">
    <requires>
        <import addon="xbmc.python" version="2.1.0"/>
        <import addon="script.module.parsedom"/>
        <import addon="script.module.tccleaner"/>
    </requires>
    <extension point="xbmc.python.pluginsource" provides="video" library="default.py">
        <provides>video</provides>
    </extension>
    <extension point="xbmc.addon.metadata">
        <platform>all</platform>
        <summary>Mixer video addon</summary>
        <description></description>
        <language>en</language>
        <source>https://github.com/Eviloid/plugin.video.evld.mixer.com</source>
        <news>[B]0.2.5[/B] - Use tccleaner module</news>
    </extension>
</addon>
