<?xml version="1.0" encoding="UTF-8" standalone="yes"?>
<addon id="plugin.video.evld.anilibria.tv" name="Anilibria.tv" version="0.8.2" provider-name="Eviloid">
  <requires>
    <import addon="xbmc.python" version="3.0.0"/>
    <import addon="script.module.parsedom" version="2.5.3"/>
    <import addon="script.module.tccleaner" version="0.1.1"/>
    <import addon="script.module.torrent2http" version="0.1.4" optional="true"/>
    <import addon="plugin.video.youtube" version="6.8.10+matrix.1" optional="true"/>
  </requires>
  <extension point="xbmc.python.pluginsource" provides="video" library="default.py">
    <provides>video</provides>
  </extension>
  <extension point="xbmc.addon.metadata">
    <platform>all</platform>
    <summary>Anilibria.tv video addon</summary>
    <description>Anilibria.tv - Так звучит аниме! Спасибо, что выбираете нас!</description>
    <language>ru</language>
    <website>https://www.anilibria.tv</website>
    <news>[B]0.8.2[/B] - Неверно отображалась информация при предзагрузке T2Http</news>
    <assets>
      <icon>icon.png</icon>
      <fanart>fanart.jpg</fanart>
    </assets>
  </extension>
</addon>