<?xml version="1.0" encoding="UTF-8" standalone="yes"?>
<addon id="plugin.video.evld.fanserials.tv" name="FanSerials" version="1.4.5" provider-name="Eviloid">
    <requires>
        <import addon="xbmc.python" version="2.1.0"/>
        <import addon="script.module.parsedom"/>
        <import addon="script.module.pycryptodome"/>
        <import addon="script.module.tccleaner"/>
    </requires>
    <extension point="xbmc.python.pluginsource" provides="video" library="default.py">
        <provides>video</provides>
    </extension>
    <extension point="xbmc.addon.metadata">
        <platform>all</platform>
        <summary>FanSerials</summary>
        <description>FanSerials.tv - лучшие сериалы</description>
        <language>ru</language>
        <website>http://fanserials.tv</website>
        <language>ru</language>
        <source>https://github.com/Eviloid/plugin.video.evld.fanserials.tv</source>
        <news>[B]1.4.5[/B] - Добавил в контекстное меню "Все серии"</news>
    </extension>
</addon>