<?xml version="1.0" encoding="UTF-8" standalone="yes"?>
<addon id="plugin.video.evld.hdkinoteatr.com" name="HD KinoTeatr" version="0.3.6" provider-name="Eviloid">
  <requires>
    <import addon="xbmc.python" version="2.1.0"/>
    <import addon="script.module.parsedom"/>
    <import addon="script.module.tccleaner"/>
  </requires>
  <extension point="xbmc.python.pluginsource" provides="video" library="addon.py">
    <provides>video</provides>
  </extension>
  <extension point="xbmc.service" library="service.py" start="[login|startup]"/>
  <extension point="xbmc.addon.metadata">
    <platform>all</platform>
    <summary>HD KinoTeatr video addon</summary>
    <website>https://www.hdkinoteatr.com</website>
    <description>Когда-то Альфред Хичкок выразился, что фильм можно назвать жизнью, где вывели все пятна скуки. С нашим порталом вам не придется скучать в любом случае – добавьте в свою жизнь еще больше удовольствия!</description>
    <language>ru</language>
    <disclaimer></disclaimer>
    <source></source>
    <news>[B]0.3.6[/B] - починил воспроизведение</news>
    <assets>
      <icon>icon.png</icon>
      <fanart>fanart.jpg</fanart>
      <clearlogo></clearlogo>
      <screenshot></screenshot>
    </assets>
  </extension>
</addon>